Atomic_Weight,Atomic Radius,Mulliken EN,polarizability(A^3),electron affinity(kJ/mol),Largest Cavity Diameter,Largest Free Sphere,PLD
58.9332,1.52,4.3,7.5,64,4.43864,3.9804,Small
58.9332,1.52,4.3,7.5,64,3.53566,3.51741,Small
58.9332,1.52,4.3,7.5,64,4.9992,4.982,Large
107.8682,1.65,4.44,7.9,126,1.2109,1.2109,Small
54.93805,1.61,3.72,9.4,-50,11.39487,11.39487,Large
107.8682,1.65,4.44,7.9,126,1.45533,1.45533,Small
107.8682,1.65,4.44,7.9,126,1.43609,1.40839,Small
58.9332,1.52,4.3,7.5,64,11.27344,11.27344,Large
158.92534,2.25,3.1,25.5,112,4.93969,4.93889,Large
63.546,1.45,4.48,6.7,119,11.25251,11.25251,Large
58.9332,1.52,4.3,7.5,64,1.81541,1.80785,Small
54.93805,1.61,3.72,9.4,-50,2.13608,2.11833,Small
55.847,1.56,4.06,8.4,15,2.05942,2.05073,Small
65.39,1.42,4.45,6.4,-60,3.23457,3.20514,Small
207.2,1.54,3.9,6.8,34,6.22232,6.18758,Large
65.39,1.42,4.45,6.4,-60,4.95126,4.95126,Large
63.546,1.45,4.48,6.7,119,,,Small
63.546,1.45,4.48,6.7,119,,,Small
138.9055,1.95,3.1,31.1,45,,,Small
151.965,2.31,3.1,27.7,83,,,Small
158.92534,2.25,3.1,25.5,112,,,Small
167.26,2.26,3.1,22.7,30,,,Small
107.8682,1.65,4.44,7.9,126,1.67292,1.29275,Small
65.39,1.42,4.45,6.4,-60,5.49574,5.49574,Large
58.9332,1.52,4.3,7.5,64,5.10081,5.09695,Large
65.39,1.42,4.45,6.4,-60,8.26184,8.26184,Large
58.6934,1.49,4.4,6.8,112,5.23439,5.17003,Large
112.411,1.61,4.33,7.2,-70,5.66735,5.66735,Large
44.95591,1.84,3.34,17.8,18,3.36484,3.36484,Large
55.847,1.56,4.06,8.4,15,6.48152,6.48152,Large
63.546,1.45,4.48,6.7,119,6.08481,6.00167,Large
55.847,1.56,4.06,8.4,15,2.62395,2.6185,Small
65.39,1.42,4.45,6.4,-60,6.22954,6.21878,Large
158.92534,2.25,3.1,25.5,112,7.12973,7.12973,Large
151.965,2.31,3.1,27.7,83,,,Small
158.92534,2.25,3.1,25.5,112,,,Small
112.411,1.61,4.33,7.2,-70,,,Small
112.411,1.61,4.33,7.2,-70,,,Small
112.411,1.61,4.33,7.2,-70,7.34692,7.34692,Large
58.9332,1.52,4.3,7.5,64,,,Small
63.546,1.45,4.48,6.7,119,,,Small
63.546,1.45,4.48,6.7,119,,,Small
112.411,1.61,4.33,7.2,-70,2.69745,2.68119,Small
112.411,1.61,4.33,7.2,-70,2.57554,2.56529,Small
85.4678,2.65,2.34,47.3,47,,,Small
58.6934,1.49,4.4,6.8,112,,,Small
54.93805,1.61,3.72,9.4,-50,3.04167,3.04167,Small
58.9332,1.52,4.3,7.5,64,2.6141,2.6141,Small
54.93805,1.61,3.72,9.4,-50,1.77733,1.77387,Small
107.8682,1.65,4.44,7.9,126,8.02271,8.02271,Large
107.8682,1.65,4.44,7.9,126,10.0214,9.99216,Large
91.224,2.06,3.64,17.9,41,10.76894,10.75927,Large
58.9332,1.52,4.3,7.5,64,,,Small
63.546,1.45,4.48,6.7,119,,,Small
63.546,1.45,4.48,6.7,119,21.61885,17.61702,Large
63.546,1.45,4.48,6.7,119,,,Small
65.39,1.42,4.45,6.4,-60,,,Small
58.9332,1.52,4.3,7.5,64,,,Small
65.39,1.42,4.45,6.4,-60,26.34279,16.37218,Large
63.546,1.45,4.48,6.7,119,19.96403,14.15856,Large
107.8682,1.65,4.44,7.9,126,10.5421,10.5421,Large
107.8682,1.65,4.44,7.9,126,10.34629,10.34629,Large
107.8682,1.65,4.44,7.9,126,,,Small
107.8682,1.65,4.44,7.9,126,10.15021,10.15021,Large
107.8682,1.65,4.44,7.9,126,10.34557,10.34557,Large
112.411,1.61,4.33,7.2,-70,6.80312,6.59725,Large
157.25,2.33,3.1,23.5,13,2.88073,2.87942,Small
157.25,2.33,3.1,23.5,13,2.88895,2.80568,Small
65.39,1.42,4.45,6.4,-60,2.18101,2.18101,Small
63.546,1.45,4.48,6.7,119,,,Small
138.9055,1.95,3.1,31.1,45,3.24532,3.2417,Large
63.546,1.45,4.48,6.7,119,4.36399,4.29546,Large
63.546,1.45,4.48,6.7,119,4.68965,4.67837,Large
58.9332,1.52,4.3,7.5,64,4.43355,4.41893,Large
107.8682,1.65,4.44,7.9,126,,,Small
63.546,1.45,4.48,6.7,119,10.01761,10.01629,Large
138.9055,1.95,3.1,31.1,45,5.97352,5.60501,Large
151.965,2.31,3.1,27.7,83,5.94494,5.61158,Large
158.92534,2.25,3.1,25.5,112,5.93079,5.58472,Large
63.546,1.45,4.48,6.7,119,,,Small
63.546,1.45,4.48,6.7,119,9.30228,8.39094,Large
138.9055,1.95,3.1,31.1,45,3.09534,3.08876,Small
54.93805,1.61,3.72,9.4,-50,1.29492,1.15035,Small
58.6934,1.49,4.4,6.8,112,,,Small
65.39,1.42,4.45,6.4,-60,,,Small
65.39,1.42,4.45,6.4,-60,,,Small
65.39,1.42,4.45,6.4,-60,7.62273,7.586,Large
58.6934,1.49,4.4,6.8,112,15.44592,15.44592,Large
55.847,1.56,4.06,8.4,15,4.18817,3.59004,Large
162.5,2.28,3.1,24.5,34,3.76592,3.76592,Large
107.8682,1.65,4.44,7.9,126,4.49346,4.49346,Large
58.9332,1.52,4.3,7.5,64,2.3957,2.3957,Small
58.9332,1.52,4.3,7.5,64,2.40011,2.38678,Small
112.411,1.61,4.33,7.2,-70,1.48057,1.46299,Small
58.9332,1.52,4.3,7.5,64,6.33013,6.32971,Large
58.9332,1.52,4.3,7.5,64,6.44385,6.42923,Large
157.25,2.33,3.1,23.5,13,,,Small
112.411,1.61,4.33,7.2,-70,1.70202,1.70202,Small
151.965,2.31,3.1,27.7,83,6.60057,6.59902,Large
150.36,2.38,3.1,28.8,16,6.68393,6.1212,Large
138.9055,1.95,3.1,31.1,45,6.397,6.31381,Large
140.115,1.85,3.1,29.6,635,6.68924,6.61679,Large
157.25,2.33,3.1,23.5,13,6.59796,6.53518,Large
144.24,2.06,3.1,31.4,185,6.65313,6.18579,Large
112.411,1.61,4.33,7.2,-70,7.60617,7.06175,Large
39.0983,2.43,2.42,43.4,48,,,Small
63.546,1.45,4.48,6.7,119,5.94533,5.94533,Large
58.9332,1.52,4.3,7.5,64,,,Small
63.546,1.45,4.48,6.7,119,7.77295,7.77147,Large
63.546,1.45,4.48,6.7,119,7.70341,7.70341,Large
162.5,2.28,3.1,24.5,34,6.0481,6.0481,Large
164.93032,2.26,3.1,23.6,33,5.66244,5.66244,Large
157.25,2.33,3.1,23.5,13,5.96558,5.96558,Large
140.90765,2.47,3.1,28.2,93,6.11713,6.11713,Large
150.36,2.38,3.1,28.8,16,5.64811,5.64811,Large
168.93421,2.22,3.1,21.8,99,3.06526,3.03859,Small
6.941,1.67,3.01,24.3,60,,,Small
58.9332,1.52,4.3,7.5,64,6.49748,6.49626,Large
63.546,1.45,4.48,6.7,119,,,Small
63.546,1.45,4.48,6.7,119,5.27063,5.27063,Large
107.8682,1.65,4.44,7.9,126,2.1022,1.77282,Small
69.723,1.36,3.2,8.1,41,5.76017,5.76017,Large
40.078,1.94,2.2,22.8,2,3.67071,3.15977,Small
158.92534,2.25,3.1,25.5,112,,,Small
158.92534,2.25,3.1,25.5,112,2.6222,2.62,Small
63.546,1.45,4.48,6.7,119,3.67076,3.64368,Large
54.93805,1.61,3.72,9.4,-50,4.01913,4.01913,Small
54.93805,1.61,3.72,9.4,-50,4.5118,4.5118,Large
54.93805,1.61,3.72,9.4,-50,3.61774,3.60647,Small
65.39,1.42,4.45,6.4,-60,10.94794,7.97997,Large
63.546,1.45,4.48,6.7,119,,,Small
55.847,1.56,4.06,8.4,15,1.3569,1.35063,Small
112.411,1.61,4.33,7.2,-70,,,Small
112.411,1.61,4.33,7.2,-70,,,Small
22.989768,1.9,2.85,23.6,53,,,Small
22.989768,1.9,2.85,23.6,53,,,Small
107.8682,1.65,4.44,7.9,126,0.89761,0.89301,Small
107.8682,1.65,4.44,7.9,126,0.94823,0.94823,Small
107.8682,1.65,4.44,7.9,126,0.95627,0.95281,Small
107.8682,1.65,4.44,7.9,126,0.94506,0.94506,Small
107.8682,1.65,4.44,7.9,126,1.56317,1.56317,Small
107.8682,1.65,4.44,7.9,126,1.52152,1.4687,Small
54.93805,1.61,3.72,9.4,-50,,,Small
63.546,1.45,4.48,6.7,119,2.77761,2.76762,Small
63.546,1.45,4.48,6.7,119,4.90012,4.90012,Small
63.546,1.45,4.48,6.7,119,5.67981,5.66818,Large
39.0983,2.43,2.42,43.4,48,,,Small
112.411,1.61,4.33,7.2,-70,2.43776,2.43776,Small
140.115,1.85,3.1,29.6,635,1.97554,1.96307,Small
138.9055,1.95,3.1,31.1,45,1.95358,1.9481,Small
138.9055,1.95,3.1,31.1,45,1.97946,1.96751,Small
138.9055,1.95,3.1,31.1,45,1.88312,1.87288,Small
63.546,1.45,4.48,6.7,119,5.52851,5.43127,Large
55.847,1.56,4.06,8.4,15,,,Small
55.847,1.56,4.06,8.4,15,,,Small
63.546,1.45,4.48,6.7,119,2.35225,2.35225,Small
6.941,1.67,3.01,24.3,60,,,Small
164.93032,2.26,3.1,23.6,33,,,Small
58.9332,1.52,4.3,7.5,64,9.74824,9.74824,Large
207.2,1.54,3.9,6.8,34,,,Small
207.2,1.54,3.9,6.8,34,,,Small
58.9332,1.52,4.3,7.5,64,5.55847,5.55001,Large
58.9332,1.52,4.3,7.5,64,5.31447,5.30925,Large
54.93805,1.61,3.72,9.4,-50,,,Small
112.411,1.61,4.33,7.2,-70,,,Small
54.93805,1.61,3.72,9.4,-50,1.58627,1.58627,Small
63.546,1.45,4.48,6.7,119,4.43495,4.43419,Large
63.546,1.45,4.48,6.7,119,4.25517,4.25517,Large
63.546,1.45,4.48,6.7,119,4.49188,4.46943,Large
151.965,2.31,3.1,27.7,83,2.76177,2.76048,Small
150.36,2.38,3.1,28.8,16,2.75654,2.75508,Small
54.93805,1.61,3.72,9.4,-50,2.66919,2.43908,Small
207.2,1.54,3.9,6.8,34,1.62355,1.61227,Small
63.546,1.45,4.48,6.7,119,7.10028,7.10028,Small
63.546,1.45,4.48,6.7,119,7.3501,6.92152,Small
63.546,1.45,4.48,6.7,119,7.18168,6.72497,Small
208.98037,1.43,4.69,7.4,91,,,Small
208.98037,1.43,4.69,7.4,91,,,Small
112.411,1.61,4.33,7.2,-70,5.12194,5.12194,Large
207.2,1.54,3.9,6.8,34,1.84682,1.84682,Small
24.305,1.45,3.75,10.6,-40,2.40094,2.39808,Small
112.411,1.61,4.33,7.2,-70,,,Small
112.411,1.61,4.33,7.2,-70,2.29089,2.29089,Small
112.411,1.61,4.33,7.2,-70,2.44266,2.44266,Small
112.411,1.61,4.33,7.2,-70,2.34071,2.34071,Small
112.411,1.61,4.33,7.2,-70,1.69473,1.66659,Small
63.546,1.45,4.48,6.7,119,2.08486,2.07231,Small
63.546,1.45,4.48,6.7,119,,,Small
107.8682,1.65,4.44,7.9,126,,,Small
54.93805,1.61,3.72,9.4,-50,,,Small
65.39,1.42,4.45,6.4,-60,,,Small
112.411,1.61,4.33,7.2,-70,,,Small
58.6934,1.49,4.4,6.8,112,7.14788,6.21478,Large
157.25,2.33,3.1,23.5,13,2.38411,2.38411,Small
157.25,2.33,3.1,23.5,13,2.5796,2.57203,Small
157.25,2.33,3.1,23.5,13,2.22798,2.22798,Small
158.92534,2.25,3.1,25.5,112,,,Small
140.90765,2.47,3.1,28.2,93,2.34455,2.06381,Small
140.90765,2.47,3.1,28.2,93,2.6179,2.60307,Small
63.546,1.45,4.48,6.7,119,,,Small
65.39,1.42,4.45,6.4,-60,,,Small
40.078,1.94,2.2,22.8,2,2.92333,2.92333,Small
65.39,1.42,4.45,6.4,-60,17.33203,17.28375,Large
114.818,1.56,3.1,9.7,29,19.58882,19.5778,Large
63.546,1.45,4.48,6.7,119,18.06509,15.69451,Large
65.39,1.42,4.45,6.4,-60,18.20917,11.84134,Large
158.92534,2.25,3.1,25.5,112,2.33632,2.31142,Small
63.546,1.45,4.48,6.7,119,8.89228,8.89228,Large
63.546,1.45,4.48,6.7,119,9.4646,9.4646,Large
54.93805,1.61,3.72,9.4,-50,3.96739,3.96739,Small
54.93805,1.61,3.72,9.4,-50,1.3527,1.3527,Small
54.93805,1.61,3.72,9.4,-50,1.35759,1.10821,Small
107.8682,1.65,4.44,7.9,126,,,Small
63.546,1.45,4.48,6.7,119,,,Small
58.9332,1.52,4.3,7.5,64,4.78838,4.77521,Large
58.6934,1.49,4.4,6.8,112,4.5568,4.54864,Small
63.546,1.45,4.48,6.7,119,3.69353,3.6846,Large
54.93805,1.61,3.72,9.4,-50,4.23253,4.22411,Small
50.9415,1.71,3.6,12.4,51,3.17356,3.151,Small
138.9055,1.95,3.1,31.1,45,4.21186,4.15505,Small
140.115,1.85,3.1,29.6,635,4.19509,4.19487,Small
144.24,2.06,3.1,31.4,185,4.23007,4.09972,Small
88.90585,2.12,3.19,22.7,30,2.72505,2.54188,Small
162.5,2.28,3.1,24.5,34,2.77694,2.69277,Small
140.115,1.85,3.1,29.6,635,6.69309,6.69309,Large
150.36,2.38,3.1,28.8,16,6.68104,6.68104,Large
151.965,2.31,3.1,27.7,83,6.6661,6.66486,Large
157.25,2.33,3.1,23.5,13,6.65399,6.65399,Large
140.115,1.85,3.1,29.6,635,18.75081,18.51252,Large
140.115,1.85,3.1,29.6,635,7.81513,7.71291,Large
112.411,1.61,4.33,7.2,-70,2.01439,2.01291,Small
63.546,1.45,4.48,6.7,119,6.61413,6.61413,Large
63.546,1.45,4.48,6.7,119,6.73945,6.69035,Large
63.546,1.45,4.48,6.7,119,6.9357,6.93444,Large
207.2,1.54,3.9,6.8,34,1.80229,1.76649,Small
144.24,2.06,3.1,31.4,185,2.91841,2.91232,Small
107.8682,1.65,4.44,7.9,126,2.32181,2.31351,Small
207.2,1.54,3.9,6.8,34,,,Small
63.546,1.45,4.48,6.7,119,2.66626,2.66267,Small
112.411,1.61,4.33,7.2,-70,,,Small
151.965,2.31,3.1,27.7,83,,,Small
157.25,2.33,3.1,23.5,13,,,Small
158.92534,2.25,3.1,25.5,112,,,Small
162.5,2.28,3.1,24.5,34,,,Small
164.93032,2.26,3.1,23.6,33,,,Small
167.26,2.26,3.1,22.7,30,1.95306,1.95242,Small
144.24,2.06,3.1,31.4,185,2.04656,2.04656,Small
173.04,2.22,3.1,21,-2,1.94185,1.92529,Small
55.847,1.56,4.06,8.4,15,4.51764,4.51764,Small
58.9332,1.52,4.3,7.5,64,4.47228,4.46624,Small
58.6934,1.49,4.4,6.8,112,4.35273,4.35273,Small
58.6934,1.49,4.4,6.8,112,4.36001,4.34382,Small
58.6934,1.49,4.4,6.8,112,4.37932,4.37932,Small
63.546,1.45,4.48,6.7,119,4.35196,4.35196,Small
63.546,1.45,4.48,6.7,119,4.36611,4.36611,Small
65.39,1.42,4.45,6.4,-60,4.50747,4.48662,Small
65.39,1.42,4.45,6.4,-60,4.51868,4.50899,Small
65.39,1.42,4.45,6.4,-60,4.47286,3.8007,Small
158.92534,2.25,3.1,25.5,112,6.87946,6.87076,Large
151.965,2.31,3.1,27.7,83,6.9168,6.53545,Large
63.546,1.45,4.48,6.7,119,4.87577,4.87577,Small
55.847,1.56,4.06,8.4,15,4.48601,4.47037,Small
55.847,1.56,4.06,8.4,15,4.49937,4.49937,Small
39.0983,2.43,2.42,43.4,48,,,Small
150.36,2.38,3.1,28.8,16,2.35877,2.3246,Small
140.90765,2.47,3.1,28.2,93,2.36378,2.36378,Small
40.078,1.94,2.2,22.8,2,4.04145,4.04145,Large
24.305,1.45,3.75,10.6,-40,4.2686,4.2686,Small
24.305,1.45,3.75,10.6,-40,4.33839,4.33839,Small
24.305,1.45,3.75,10.6,-40,4.50321,4.49477,Small
24.305,1.45,3.75,10.6,-40,4.29345,4.29345,Small
24.305,1.45,3.75,10.6,-40,4.31356,4.31356,Small
24.305,1.45,3.75,10.6,-40,4.35834,4.26734,Small
24.305,1.45,3.75,10.6,-40,4.3827,4.3827,Small
24.305,1.45,3.75,10.6,-40,4.50171,4.3131,Small
24.305,1.45,3.75,10.6,-40,4.50712,4.50642,Small
200.59,1.71,4.91,5.4,-50,2.02119,2.01985,Small
114.818,1.56,3.1,9.7,29,5.5523,5.37916,Large
114.818,1.56,3.1,9.7,29,5.11866,5.11866,Large
114.818,1.56,3.1,9.7,29,6.92762,6.92762,Large
39.0983,2.43,2.42,43.4,48,1.69524,1.6946,Small
22.989768,1.9,2.85,23.6,53,1.53711,1.49077,Small
112.411,1.61,4.33,7.2,-70,2.72899,2.65881,Small
63.546,1.45,4.48,6.7,119,,,Small
63.546,1.45,4.48,6.7,119,,,Small
63.546,1.45,4.48,6.7,119,,,Small
65.39,1.42,4.45,6.4,-60,8.26528,8.26449,Large
65.39,1.42,4.45,6.4,-60,,,Small
22.989768,1.9,2.85,23.6,53,,,Small
54.93805,1.61,3.72,9.4,-50,12.00094,12.00094,Large
151.965,2.31,3.1,27.7,83,5.82803,5.82803,Large
158.92534,2.25,3.1,25.5,112,5.99371,5.99371,Large
138.9055,1.95,3.1,31.1,45,5.97076,5.96499,Large
151.965,2.31,3.1,27.7,83,6.57194,6.55023,Large
158.92534,2.25,3.1,25.5,112,6.61049,6.61008,Large
138.9055,1.95,3.1,31.1,45,7.1095,7.1095,Large
138.9055,1.95,3.1,31.1,45,4.80201,4.80201,Large
65.39,1.42,4.45,6.4,-60,3.01071,2.96433,Small
112.411,1.61,4.33,7.2,-70,2.97741,2.97741,Small
55.847,1.56,4.06,8.4,15,3.94813,3.94813,Small
63.546,1.45,4.48,6.7,119,,,Small
65.39,1.42,4.45,6.4,-60,8.51054,8.51054,Large
39.0983,2.43,2.42,43.4,48,2.66202,2.52914,Small
65.39,1.42,4.45,6.4,-60,6.90366,6.89498,Small
137.327,2.53,2.4,39.7,14,2.23026,2.23026,Small
58.6934,1.49,4.4,6.8,112,2.01411,2.01411,Small
58.6934,1.49,4.4,6.8,112,1.95192,1.70888,Small
58.9332,1.52,4.3,7.5,64,1.93948,1.90029,Small
58.9332,1.52,4.3,7.5,64,2.06671,1.98933,Small
207.2,1.54,3.9,6.8,34,,,Small
58.9332,1.52,4.3,7.5,64,,,Small
65.39,1.42,4.45,6.4,-60,,,Small
137.327,2.53,2.4,39.7,14,2.08716,1.93064,Small
112.411,1.61,4.33,7.2,-70,,,Small
63.546,1.45,4.48,6.7,119,,,Small
65.39,1.42,4.45,6.4,-60,4.97281,4.96325,Small
138.9055,1.95,3.1,31.1,45,3.60542,1.91061,Small
150.36,2.38,3.1,28.8,16,3.49305,1.96663,Small
144.24,2.06,3.1,31.4,185,2.62643,2.62643,Small
144.24,2.06,3.1,31.4,185,2.2236,2.01012,Small
112.411,1.61,4.33,7.2,-70,2.06141,2.05506,Small
112.411,1.61,4.33,7.2,-70,2.02918,2.02111,Small
58.9332,1.52,4.3,7.5,64,,,Small
58.9332,1.52,4.3,7.5,64,,,Small
58.9332,1.52,4.3,7.5,64,,,Small
58.9332,1.52,4.3,7.5,64,,,Small
58.9332,1.52,4.3,7.5,64,,,Small
58.9332,1.52,4.3,7.5,64,,,Small
58.9332,1.52,4.3,7.5,64,,,Small
65.39,1.42,4.45,6.4,-60,,,Small
112.411,1.61,4.33,7.2,-70,,,Small
22.989768,1.9,2.85,23.6,53,,,Small
58.6934,1.49,4.4,6.8,112,,,Small
58.6934,1.49,4.4,6.8,112,,,Small
58.6934,1.49,4.4,6.8,112,,,Small
58.9332,1.52,4.3,7.5,64,3.55129,3.55081,Small
54.93805,1.61,3.72,9.4,-50,3.65382,3.65212,Small
58.6934,1.49,4.4,6.8,112,3.51617,3.51614,Small
63.546,1.45,4.48,6.7,119,6.25796,4.79704,Large
58.9332,1.52,4.3,7.5,64,5.82193,4.89692,Large
58.6934,1.49,4.4,6.8,112,5.44423,4.79791,Large
65.39,1.42,4.45,6.4,-60,5.78749,4.93086,Large
63.546,1.45,4.48,6.7,119,,,Small
63.546,1.45,4.48,6.7,119,1.93082,1.60237,Small
112.411,1.61,4.33,7.2,-70,2.48935,2.06006,Small
65.39,1.42,4.45,6.4,-60,,,Small
63.546,1.45,4.48,6.7,119,,,Small
63.546,1.45,4.48,6.7,119,4.75635,4.73683,Large
112.411,1.61,4.33,7.2,-70,6.18805,6.18805,Large
112.411,1.61,4.33,7.2,-70,8.11624,7.68943,Large
39.0983,2.43,2.42,43.4,48,,,Small
138.9055,1.95,3.1,31.1,45,2.77311,2.76255,Small
54.93805,1.61,3.72,9.4,-50,4.17005,4.17005,Large
63.546,1.45,4.48,6.7,119,3.86323,3.6572,Small
54.93805,1.61,3.72,9.4,-50,2.54745,1.10096,Small
65.39,1.42,4.45,6.4,-60,2.49434,2.46777,Small
65.39,1.42,4.45,6.4,-60,4.06748,4.06349,Small
238.0289,1.75,3.4,27.4,51,6.02935,5.61416,Large
65.39,1.42,4.45,6.4,-60,4.30888,4.30888,Large
65.39,1.42,4.45,6.4,-60,1.85644,1.78178,Small
112.411,1.61,4.33,7.2,-70,4.69505,4.69505,Large
232.0381,1.8,3.2,32.1,113,4.08694,3.92662,Large
112.411,1.61,4.33,7.2,-70,,,Small
112.411,1.61,4.33,7.2,-70,,,Small
112.411,1.61,4.33,7.2,-70,,,Small
112.411,1.61,4.33,7.2,-70,,,Small
58.9332,1.52,4.3,7.5,64,4.93892,4.93892,Small
138.9055,1.95,3.1,31.1,45,,,Small
138.9055,1.95,3.1,31.1,45,,,Small
162.5,2.28,3.1,24.5,34,,,Small
54.93805,1.61,3.72,9.4,-50,,,Small
63.546,1.45,4.48,6.7,119,,,Small
50.9415,1.71,3.6,12.4,51,6.55724,6.55477,Large
63.546,1.45,4.48,6.7,119,,,Small
40.078,1.94,2.2,22.8,2,2.20753,2.13914,Small
151.965,2.31,3.1,27.7,83,4.67166,4.67166,Large
6.941,1.67,3.01,24.3,60,1.83617,1.7188,Small
63.546,1.45,4.48,6.7,119,4.78914,4.64139,Large
63.546,1.45,4.48,6.7,119,4.79531,4.62079,Large
63.546,1.45,4.48,6.7,119,2.06003,2.05766,Small
63.546,1.45,4.48,6.7,119,1.98678,1.98388,Small
63.546,1.45,4.48,6.7,119,1.96902,1.96352,Small
63.546,1.45,4.48,6.7,119,4.28529,4.24027,Small
144.24,2.06,3.1,31.4,185,3.99897,3.98516,Small
63.546,1.45,4.48,6.7,119,2.48352,2.19067,Small
65.39,1.42,4.45,6.4,-60,,,Small
65.39,1.42,4.45,6.4,-60,,,Small
63.546,1.45,4.48,6.7,119,7.96396,7.96396,Large
157.25,2.33,3.1,23.5,13,5.10649,5.10487,Large
65.39,1.42,4.45,6.4,-60,2.07026,2.07026,Small
65.39,1.42,4.45,6.4,-60,,,Small
58.9332,1.52,4.3,7.5,64,6.90156,6.83558,Large
157.25,2.33,3.1,23.5,13,,,Small
164.93032,2.26,3.1,23.6,33,,,Small
167.26,2.26,3.1,22.7,30,,,Small
173.04,2.22,3.1,21,-2,,,Small
174.967,2.17,3.1,21.9,33,,,Small
54.93805,1.61,3.72,9.4,-50,4.87542,4.87542,Large
54.93805,1.61,3.72,9.4,-50,4.93073,4.93073,Large
54.93805,1.61,3.72,9.4,-50,4.73785,4.73724,Large
54.93805,1.61,3.72,9.4,-50,5.12425,5.1081,Large
54.93805,1.61,3.72,9.4,-50,5.13844,5.13064,Large
54.93805,1.61,3.72,9.4,-50,4.9219,4.91181,Large
54.93805,1.61,3.72,9.4,-50,5.23844,5.22515,Large
54.93805,1.61,3.72,9.4,-50,4.92685,4.92685,Large
138.9055,1.95,3.1,31.1,45,2.43591,2.43591,Small
140.90765,2.47,3.1,28.2,93,2.42116,2.42116,Small
58.9332,1.52,4.3,7.5,64,,,Small
157.25,2.33,3.1,23.5,13,2.27471,2.26873,Small
162.5,2.28,3.1,24.5,34,2.27825,2.26396,Small
88.90585,2.12,3.19,22.7,30,2.28779,2.2837,Small
112.411,1.61,4.33,7.2,-70,,,Small
50.9415,1.71,3.6,12.4,51,13.96867,13.96446,Large
65.39,1.42,4.45,6.4,-60,4.7399,4.72096,Large
65.39,1.42,4.45,6.4,-60,4.07105,4.07105,Small
114.818,1.56,3.1,9.7,29,,,Small
151.965,2.31,3.1,27.7,83,2.83716,2.83716,Small
107.8682,1.65,4.44,7.9,126,4.75937,4.75828,Large
107.8682,1.65,4.44,7.9,126,3.29794,3.28685,Small
63.546,1.45,4.48,6.7,119,,,Small
63.546,1.45,4.48,6.7,119,,,Small
63.546,1.45,4.48,6.7,119,,,Small
144.24,2.06,3.1,31.4,185,2.40942,2.40942,Small
144.24,2.06,3.1,31.4,185,2.39408,2.39408,Small
150.36,2.38,3.1,28.8,16,2.28438,2.2142,Small
112.411,1.61,4.33,7.2,-70,5.44587,5.42418,Small
112.411,1.61,4.33,7.2,-70,5.36267,5.35204,Small
207.2,1.54,3.9,6.8,34,,,Small
63.546,1.45,4.48,6.7,119,8.08398,7.65673,Large
58.6934,1.49,4.4,6.8,112,8.10638,8.10638,Large
58.6934,1.49,4.4,6.8,112,7.89142,7.29456,Large
65.39,1.42,4.45,6.4,-60,,,Small
112.411,1.61,4.33,7.2,-70,7.0096,7.0096,Large
112.411,1.61,4.33,7.2,-70,5.85569,4.5012,Large
112.411,1.61,4.33,7.2,-70,3.16277,3.03254,Small
112.411,1.61,4.33,7.2,-70,3.88823,2.9193,Small
112.411,1.61,4.33,7.2,-70,4.24323,4.06303,Small
65.39,1.42,4.45,6.4,-60,5.80057,5.77246,Large
112.411,1.61,4.33,7.2,-70,4.81743,4.79197,Large
65.39,1.42,4.45,6.4,-60,,,Small
112.411,1.61,4.33,7.2,-70,5.69318,5.67344,Large
65.39,1.42,4.45,6.4,-60,,,Small
65.39,1.42,4.45,6.4,-60,,,Small
112.411,1.61,4.33,7.2,-70,,,Small
58.9332,1.52,4.3,7.5,64,,,Small
54.93805,1.61,3.72,9.4,-50,,,Small
164.93032,2.26,3.1,23.6,33,6.02076,6.00599,Large
168.93421,2.22,3.1,21.8,99,5.97132,5.97132,Large
54.93805,1.61,3.72,9.4,-50,5.69489,5.68637,Small
65.39,1.42,4.45,6.4,-60,,,Small
65.39,1.42,4.45,6.4,-60,,,Small
54.93805,1.61,3.72,9.4,-50,,,Small
24.305,1.45,3.75,10.6,-40,5.35316,5.35053,Large
24.305,1.45,3.75,10.6,-40,6.11686,6.1064,Small
63.546,1.45,4.48,6.7,119,,,Small
107.8682,1.65,4.44,7.9,126,,,Small
107.8682,1.65,4.44,7.9,126,,,Small
107.8682,1.65,4.44,7.9,126,,,Small
107.8682,1.65,4.44,7.9,126,,,Small
107.8682,1.65,4.44,7.9,126,1.32025,1.32025,Small
107.8682,1.65,4.44,7.9,126,,,Small
107.8682,1.65,4.44,7.9,126,,,Small
107.8682,1.65,4.44,7.9,126,,,Small
112.411,1.61,4.33,7.2,-70,2.11123,2.11123,Small
112.411,1.61,4.33,7.2,-70,2.29257,2.28352,Small
112.411,1.61,4.33,7.2,-70,,,Small
58.9332,1.52,4.3,7.5,64,6.42752,6.42391,Large
63.546,1.45,4.48,6.7,119,5.77028,5.46593,Large
22.989768,1.9,2.85,23.6,53,2.05985,2.05985,Small
22.989768,1.9,2.85,23.6,53,1.9423,1.9423,Small
54.93805,1.61,3.72,9.4,-50,1.89286,1.6827,Small
54.93805,1.61,3.72,9.4,-50,1.89932,1.68765,Small
54.93805,1.61,3.72,9.4,-50,1.88843,1.57518,Small
91.224,2.06,3.64,17.9,41,3.83313,3.83313,Large
91.224,2.06,3.64,17.9,41,2.53651,2.53651,Small
140.90765,2.47,3.1,28.2,93,,,Small
65.39,1.42,4.45,6.4,-60,4.90839,4.90839,Large
65.39,1.42,4.45,6.4,-60,4.91513,4.91513,Large
65.39,1.42,4.45,6.4,-60,4.94584,4.94584,Large
107.8682,1.65,4.44,7.9,126,,,Small
65.39,1.42,4.45,6.4,-60,,,Small
112.411,1.61,4.33,7.2,-70,,,Small
39.0983,2.43,2.42,43.4,48,1.27323,1.27323,Small
22.989768,1.9,2.85,23.6,53,1.61064,1.45054,Small
63.546,1.45,4.48,6.7,119,8.40906,8.40638,Large
65.39,1.42,4.45,6.4,-60,,,Small
63.546,1.45,4.48,6.7,119,3.60333,3.60332,Small
65.39,1.42,4.45,6.4,-60,6.80206,6.80206,Large
54.93805,1.61,3.72,9.4,-50,1.8794,1.55914,Small
54.93805,1.61,3.72,9.4,-50,1.79223,1.79223,Small
54.93805,1.61,3.72,9.4,-50,1.83098,1.81901,Small
63.546,1.45,4.48,6.7,119,5.8274,5.8274,Large
63.546,1.45,4.48,6.7,119,5.84706,5.73687,Large
63.546,1.45,4.48,6.7,119,5.84822,5.83837,Large
174.967,2.17,3.1,21.9,33,,,Small
63.546,1.45,4.48,6.7,119,5.87793,5.87695,Large
174.967,2.17,3.1,21.9,33,,,Small
63.546,1.45,4.48,6.7,119,5.87895,5.87671,Large
140.115,1.85,3.1,29.6,635,2.63931,2.63931,Small
132.90543,2.98,2.18,59.6,46,1.73291,1.58911,Small
63.546,1.45,4.48,6.7,119,2.50536,2.48813,Small
58.9332,1.52,4.3,7.5,64,,,Small
140.115,1.85,3.1,29.6,635,2.74636,2.72568,Small
63.546,1.45,4.48,6.7,119,,,Small
58.9332,1.52,4.3,7.5,64,,,Small
138.9055,1.95,3.1,31.1,45,5.37395,5.32146,Large
58.9332,1.52,4.3,7.5,64,,,Small
58.9332,1.52,4.3,7.5,64,,,Small
54.93805,1.61,3.72,9.4,-50,2.07433,1.92199,Small
22.989768,1.9,2.85,23.6,53,1.69827,1.68532,Small
132.90543,2.98,2.18,59.6,46,2.82862,2.81806,Small
65.39,1.42,4.45,6.4,-60,4.94075,4.89555,Large
207.2,1.54,3.9,6.8,34,1.48346,1.4333,Small
54.93805,1.61,3.72,9.4,-50,4.55475,4.55475,Small
54.93805,1.61,3.72,9.4,-50,4.3525,4.3525,Small
137.327,2.53,2.4,39.7,14,,,Small
54.93805,1.61,3.72,9.4,-50,,,Small
65.39,1.42,4.45,6.4,-60,14.22565,14.20215,Large
112.411,1.61,4.33,7.2,-70,11.74827,11.05331,Large
112.411,1.61,4.33,7.2,-70,12.50781,12.50781,Large
112.411,1.61,4.33,7.2,-70,12.20276,12.20276,Large
112.411,1.61,4.33,7.2,-70,2.21906,2.21906,Small
140.115,1.85,3.1,29.6,635,3.04663,3.03419,Small
140.115,1.85,3.1,29.6,635,3.58929,1.8585,Small
144.24,2.06,3.1,31.4,185,3.52648,1.79997,Small
207.2,1.54,3.9,6.8,34,1.28934,1.24959,Small
132.90543,2.98,2.18,59.6,46,,,Small
63.546,1.45,4.48,6.7,119,3.85407,3.68634,Small
63.546,1.45,4.48,6.7,119,9.93932,8.74908,Large
112.411,1.61,4.33,7.2,-70,3.4916,3.4916,Small
39.0983,2.43,2.42,43.4,48,1.10215,1.08684,Small
157.25,2.33,3.1,23.5,13,,,Small
158.92534,2.25,3.1,25.5,112,,,Small
167.26,2.26,3.1,22.7,30,,,Small
107.8682,1.65,4.44,7.9,126,3.7173,3.71718,Small
54.93805,1.61,3.72,9.4,-50,12.69953,12.69953,Large
22.989768,1.9,2.85,23.6,53,,,Small
40.078,1.94,2.2,22.8,2,,,Small
40.078,1.94,2.2,22.8,2,,,Small
40.078,1.94,2.2,22.8,2,,,Small
63.546,1.45,4.48,6.7,119,,,Small
6.941,1.67,3.01,24.3,60,1.78289,1.78054,Small
6.941,1.67,3.01,24.3,60,2.63595,2.62372,Small
164.93032,2.26,3.1,23.6,33,3.00565,2.44799,Small
58.9332,1.52,4.3,7.5,64,9.24101,9.17829,Large
140.90765,2.47,3.1,28.2,93,3.60514,3.20915,Small
65.39,1.42,4.45,6.4,-60,,,Small
63.546,1.45,4.48,6.7,119,,,Small
85.4678,2.65,2.34,47.3,47,1.78695,1.76168,Small
65.39,1.42,4.45,6.4,-60,,,Small
144.24,2.06,3.1,31.4,185,1.67986,1.67986,Small
144.24,2.06,3.1,31.4,185,2.58206,2.58206,Small
144.24,2.06,3.1,31.4,185,2.67195,2.67195,Small
144.24,2.06,3.1,31.4,185,2.5727,2.5727,Small
140.90765,2.47,3.1,28.2,93,1.87562,1.62175,Small
112.411,1.61,4.33,7.2,-70,2.11403,1.67548,Small
54.93805,1.61,3.72,9.4,-50,2.28896,2.22604,Small
54.93805,1.61,3.72,9.4,-50,2.17946,2.17946,Small
63.546,1.45,4.48,6.7,119,8.42406,8.42406,Large
65.39,1.42,4.45,6.4,-60,,,Small
40.078,1.94,2.2,22.8,2,1.42936,1.42936,Small
65.39,1.42,4.45,6.4,-60,,,Small
44.95591,1.84,3.34,17.8,18,4.01973,3.79822,Large
44.95591,1.84,3.34,17.8,18,4.02045,3.75019,Large
44.95591,1.84,3.34,17.8,18,4.02685,3.88239,Large
44.95591,1.84,3.34,17.8,18,3.74769,3.73653,Large
44.95591,1.84,3.34,17.8,18,4.09763,3.84584,Large
44.95591,1.84,3.34,17.8,18,4.21432,3.7732,Large
137.327,2.53,2.4,39.7,14,,,Small
65.39,1.42,4.45,6.4,-60,7.13491,7.05818,Large
137.327,2.53,2.4,39.7,14,,,Small
65.39,1.42,4.45,6.4,-60,,,Small
207.2,1.54,3.9,6.8,34,,,Small
207.2,1.54,3.9,6.8,34,,,Small
137.327,2.53,2.4,39.7,14,1.48296,1.48245,Small
138.9055,1.95,3.1,31.1,45,2.05465,2.05465,Small
140.90765,2.47,3.1,28.2,93,2.15191,2.14153,Small
150.36,2.38,3.1,28.8,16,2.03853,2.03853,Small
157.25,2.33,3.1,23.5,13,1.90178,1.89546,Small
63.546,1.45,4.48,6.7,119,4.28161,4.24595,Large
63.546,1.45,4.48,6.7,119,4.22538,4.20463,Large
63.546,1.45,4.48,6.7,119,4.21378,3.99831,Large
63.546,1.45,4.48,6.7,119,4.25731,4.218,Large
63.546,1.45,4.48,6.7,119,4.26697,4.23585,Large
107.8682,1.65,4.44,7.9,126,2.21734,2.21734,Small
137.327,2.53,2.4,39.7,14,1.53034,1.52257,Small
58.9332,1.52,4.3,7.5,64,2.62025,2.62025,Small
58.9332,1.52,4.3,7.5,64,6.3406,6.31845,Large
58.9332,1.52,4.3,7.5,64,6.19215,6.19129,Large
58.9332,1.52,4.3,7.5,64,7.70901,7.70197,Large
54.93805,1.61,3.72,9.4,-50,6.44442,6.44442,Large
144.24,2.06,3.1,31.4,185,,,Small
95.94,1.9,3.9,12.8,72,3.29115,3.29115,Small
95.94,1.9,3.9,12.8,72,3.30887,3.30887,Small
95.94,1.9,3.9,12.8,72,2.94578,2.93879,Small
95.94,1.9,3.9,12.8,72,2.94612,2.94612,Small
63.546,1.45,4.48,6.7,119,,,Small
137.327,2.53,2.4,39.7,14,1.546,1.546,Small
137.327,2.53,2.4,39.7,14,1.54328,1.54328,Small
58.6934,1.49,4.4,6.8,112,,,Small
132.90543,2.98,2.18,59.6,46,,,Small
54.93805,1.61,3.72,9.4,-50,3.19824,3.1893,Small
63.546,1.45,4.48,6.7,119,,,Small
63.546,1.45,4.48,6.7,119,,,Small
63.546,1.45,4.48,6.7,119,,,Small
63.546,1.45,4.48,6.7,119,,,Small
54.93805,1.61,3.72,9.4,-50,2.0127,1.99826,Small
39.0983,2.43,2.42,43.4,48,2.77904,2.77904,Small
137.327,2.53,2.4,39.7,14,1.57995,1.57995,Small
137.327,2.53,2.4,39.7,14,1.59457,1.58554,Small
137.327,2.53,2.4,39.7,14,1.63616,1.63616,Small
112.411,1.61,4.33,7.2,-70,,,Small
132.90543,2.98,2.18,59.6,46,3.55012,3.07102,Small
54.93805,1.61,3.72,9.4,-50,5.10365,5.10365,Small
65.39,1.42,4.45,6.4,-60,4.99748,4.48892,Small
204.3833,1.56,3.2,7.6,36,1.66669,1.66669,Small
54.93805,1.61,3.72,9.4,-50,1.26151,1.25236,Small
54.93805,1.61,3.72,9.4,-50,1.25905,1.23344,Small
54.93805,1.61,3.72,9.4,-50,1.26112,1.23436,Small
54.93805,1.61,3.72,9.4,-50,1.26165,1.25161,Small
22.989768,1.9,2.85,23.6,53,1.60894,1.59338,Small
85.4678,2.65,2.34,47.3,47,2.6294,2.62684,Small
6.941,1.67,3.01,24.3,60,2.15344,2.1501,Small
39.0983,2.43,2.42,43.4,48,,,Small
39.0983,2.43,2.42,43.4,48,1.923,1.9135,Small
132.90543,2.98,2.18,59.6,46,2.67166,2.58049,Small
132.90543,2.98,2.18,59.6,46,,,Small
63.546,1.45,4.48,6.7,119,12.71321,12.71102,Large
91.224,2.06,3.64,17.9,41,11.99733,8.46924,Large
91.224,2.06,3.64,17.9,41,4.95858,4.94499,Large
91.224,2.06,3.64,17.9,41,,,Small
63.546,1.45,4.48,6.7,119,4.61493,4.58978,Small
107.8682,1.65,4.44,7.9,126,,,Small
54.93805,1.61,3.72,9.4,-50,,,Small
58.9332,1.52,4.3,7.5,64,,,Small
54.93805,1.61,3.72,9.4,-50,,,Small
55.847,1.56,4.06,8.4,15,,,Small
58.9332,1.52,4.3,7.5,64,,,Small
138.9055,1.95,3.1,31.1,45,2.26854,2.26854,Small
39.0983,2.43,2.42,43.4,48,2.85518,2.85518,Small
112.411,1.61,4.33,7.2,-70,2.40883,2.40883,Small
238.0289,1.75,3.4,27.4,51,,,Small
55.847,1.56,4.06,8.4,15,4.18096,4.18096,Large
55.847,1.56,4.06,8.4,15,4.08461,4.06863,Large
55.847,1.56,4.06,8.4,15,4.03285,4.0125,Large
55.847,1.56,4.06,8.4,15,4.14435,4.138,Large
55.847,1.56,4.06,8.4,15,4.01414,4.01414,Large
63.546,1.45,4.48,6.7,119,10.84093,10.84093,Large
58.6934,1.49,4.4,6.8,112,2.47589,2.47589,Small
24.305,1.45,3.75,10.6,-40,4.31814,4.30437,Large
107.8682,1.65,4.44,7.9,126,2.53267,2.52282,Small
200.59,1.71,4.91,5.4,-50,2.00924,1.98917,Small
112.411,1.61,4.33,7.2,-70,2.04537,1.65294,Small
112.411,1.61,4.33,7.2,-70,2.02763,1.80027,Small
112.411,1.61,4.33,7.2,-70,2.07973,2.06553,Small
112.411,1.61,4.33,7.2,-70,2.12592,2.12194,Small
112.411,1.61,4.33,7.2,-70,2.27911,2.26918,Small
112.411,1.61,4.33,7.2,-70,2.3929,2.3929,Small
112.411,1.61,4.33,7.2,-70,1.86762,1.82161,Small
112.411,1.61,4.33,7.2,-70,1.90539,1.85655,Small
112.411,1.61,4.33,7.2,-70,1.93897,1.83696,Small
112.411,1.61,4.33,7.2,-70,1.96411,1.83933,Small
112.411,1.61,4.33,7.2,-70,2.02271,1.81486,Small
55.847,1.56,4.06,8.4,15,4.52819,4.52114,Small
55.847,1.56,4.06,8.4,15,10.15923,6.32513,Large
63.546,1.45,4.48,6.7,119,,,Small
63.546,1.45,4.48,6.7,119,,,Small
63.546,1.45,4.48,6.7,119,37.827,33.62162,Large
54.93805,1.61,3.72,9.4,-50,,,Small
54.93805,1.61,3.72,9.4,-50,,,Small
137.327,2.53,2.4,39.7,14,1.79116,1.78118,Small
22.989768,1.9,2.85,23.6,53,1.30458,1.25264,Small
39.0983,2.43,2.42,43.4,48,1.41237,1.31274,Small
112.411,1.61,4.33,7.2,-70,,,Small
65.39,1.42,4.45,6.4,-60,2.8792,2.8792,Small
65.39,1.42,4.45,6.4,-60,2.64764,2.64693,Small
65.39,1.42,4.45,6.4,-60,2.71142,2.71142,Small
65.39,1.42,4.45,6.4,-60,2.31324,2.11738,Small
65.39,1.42,4.45,6.4,-60,2.1336,2.12871,Small
65.39,1.42,4.45,6.4,-60,2.13075,2.13075,Small
65.39,1.42,4.45,6.4,-60,2.11745,2.11745,Small
65.39,1.42,4.45,6.4,-60,2.69377,2.69377,Small
58.6934,1.49,4.4,6.8,112,4.76295,4.75942,Large
238.0289,1.75,3.4,27.4,51,2.02721,2.01308,Small
137.327,2.53,2.4,39.7,14,2.19405,1.91678,Small
58.9332,1.52,4.3,7.5,64,6.36985,6.36985,Large
112.411,1.61,4.33,7.2,-70,3.09563,3.087,Small
54.93805,1.61,3.72,9.4,-50,3.68718,3.68718,Small
232.0381,1.8,3.2,32.1,113,2.95538,2.95222,Small
65.39,1.42,4.45,6.4,-60,,,Small
65.39,1.42,4.45,6.4,-60,,,Small
50.9415,1.71,3.6,12.4,51,2.53051,2.44492,Small
58.6934,1.49,4.4,6.8,112,9.10013,8.01189,Large
238.0289,1.75,3.4,27.4,51,4.10103,4.09942,Small
238.0289,1.75,3.4,27.4,51,4.80364,4.80364,Large
65.39,1.42,4.45,6.4,-60,2.77131,2.77131,Small
118.71,1.45,4.3,7.7,107,3.51016,3.5096,Small
63.546,1.45,4.48,6.7,119,7.19846,7.19846,Large
54.93805,1.61,3.72,9.4,-50,4.21493,4.20702,Small
54.93805,1.61,3.72,9.4,-50,5.91633,5.897,Large
58.9332,1.52,4.3,7.5,64,5.58677,5.55722,Large
54.93805,1.61,3.72,9.4,-50,5.95062,5.93837,Large
54.93805,1.61,3.72,9.4,-50,8.98732,8.98732,Large
112.411,1.61,4.33,7.2,-70,2.81439,2.80657,Small
24.305,1.45,3.75,10.6,-40,2.04954,2.04954,Small
112.411,1.61,4.33,7.2,-70,1.72981,1.56375,Small
65.39,1.42,4.45,6.4,-60,,,Small
65.39,1.42,4.45,6.4,-60,,,Small
87.62,2.19,2,27.6,5,,,Small
137.327,2.53,2.4,39.7,14,,,Small
40.078,1.94,2.2,22.8,2,,,Small
85.4678,2.65,2.34,47.3,47,,,Small
65.39,1.42,4.45,6.4,-60,9.83528,9.83528,Large
65.39,1.42,4.45,6.4,-60,9.64975,9.6441,Large
65.39,1.42,4.45,6.4,-60,10.20776,10.20776,Large
65.39,1.42,4.45,6.4,-60,10.03669,10.03669,Large
63.546,1.45,4.48,6.7,119,4.99288,4.99288,Large
65.39,1.42,4.45,6.4,-60,3.72227,3.71687,Large
65.39,1.42,4.45,6.4,-60,8.14408,8.14086,Large
65.39,1.42,4.45,6.4,-60,9.65894,9.65894,Large
87.62,2.19,2,27.6,5,,,Small
65.39,1.42,4.45,6.4,-60,10.31257,10.31257,Large
40.078,1.94,2.2,22.8,2,,,Small
65.39,1.42,4.45,6.4,-60,9.89385,9.89385,Large
65.39,1.42,4.45,6.4,-60,7.71852,7.71852,Large
151.965,2.31,3.1,27.7,83,1.31365,1.31365,Small
65.39,1.42,4.45,6.4,-60,9.61884,9.61884,Large
58.6934,1.49,4.4,6.8,112,,,Small
58.6934,1.49,4.4,6.8,112,,,Small
58.6934,1.49,4.4,6.8,112,,,Small
58.6934,1.49,4.4,6.8,112,,,Small
58.9332,1.52,4.3,7.5,64,10.2124,9.83414,Large
58.6934,1.49,4.4,6.8,112,,,Small
63.546,1.45,4.48,6.7,119,7.55271,7.55271,Large
65.39,1.42,4.45,6.4,-60,6.96122,6.96122,Large
58.6934,1.49,4.4,6.8,112,6.73736,6.73736,Large
164.93032,2.26,3.1,23.6,33,6.38637,6.38637,Large
158.92534,2.25,3.1,25.5,112,6.44405,6.44405,Large
65.39,1.42,4.45,6.4,-60,11.58722,11.58722,Large
54.93805,1.61,3.72,9.4,-50,1.98718,1.98483,Small
112.411,1.61,4.33,7.2,-70,5.34212,5.33439,Large
112.411,1.61,4.33,7.2,-70,5.33842,4.49101,Large
112.411,1.61,4.33,7.2,-70,6.84989,6.84501,Large
54.93805,1.61,3.72,9.4,-50,2.34177,2.07896,Small
112.411,1.61,4.33,7.2,-70,2.37749,2.17158,Small
112.411,1.61,4.33,7.2,-70,2.40462,2.40127,Small
91.224,2.06,3.64,17.9,41,8.98379,8.98377,Large
132.90543,2.98,2.18,59.6,46,1.51269,1.43435,Small
164.93032,2.26,3.1,23.6,33,4.48605,4.36191,Small
162.5,2.28,3.1,24.5,34,5.3727,5.3727,Large
158.92534,2.25,3.1,25.5,112,4.66737,4.66737,Large
157.25,2.33,3.1,23.5,13,4.60416,4.10846,Large
151.965,2.31,3.1,27.7,83,4.39143,4.39143,Large
150.36,2.38,3.1,28.8,16,4.50694,4.46132,Small
140.90765,2.47,3.1,28.2,93,4.5481,4.22758,Large
140.115,1.85,3.1,29.6,635,4.58534,4.58534,Large
140.115,1.85,3.1,29.6,635,4.86683,4.86683,Large
140.115,1.85,3.1,29.6,635,4.64059,4.50346,Large
138.9055,1.95,3.1,31.1,45,4.62294,4.61505,Large
58.6934,1.49,4.4,6.8,112,,,Small
58.6934,1.49,4.4,6.8,112,,,Small
58.9332,1.52,4.3,7.5,64,,,Small
58.9332,1.52,4.3,7.5,64,,,Small
112.411,1.61,4.33,7.2,-70,,,Small
112.411,1.61,4.33,7.2,-70,,,Small
63.546,1.45,4.48,6.7,119,2.87591,2.8672,Small
207.2,1.54,3.9,6.8,34,2.12557,2.11773,Small
54.93805,1.61,3.72,9.4,-50,2.09444,2.07911,Small
22.989768,1.9,2.85,23.6,53,,,Small
54.93805,1.61,3.72,9.4,-50,7.74216,7.62695,Large
88.90585,2.12,3.19,22.7,30,1.88848,1.88848,Small
65.39,1.42,4.45,6.4,-60,,,Small
54.93805,1.61,3.72,9.4,-50,,,Small
54.93805,1.61,3.72,9.4,-50,,,Small
121.76,1.33,4.85,6.6,101,1.81801,1.80307,Small
58.6934,1.49,4.4,6.8,112,6.17716,6.17716,Large
55.847,1.56,4.06,8.4,15,,,Small
58.9332,1.52,4.3,7.5,64,,,Small
58.6934,1.49,4.4,6.8,112,,,Small
54.93805,1.61,3.72,9.4,-50,,,Small
58.9332,1.52,4.3,7.5,64,,,Small
58.6934,1.49,4.4,6.8,112,,,Small
58.6934,1.49,4.4,6.8,112,4.82595,4.82595,Large
54.93805,1.61,3.72,9.4,-50,4.41168,4.39703,Large
58.9332,1.52,4.3,7.5,64,4.85661,4.84805,Large
63.546,1.45,4.48,6.7,119,6.17478,6.11873,Large
58.9332,1.52,4.3,7.5,64,3.85722,3.85722,Large
112.411,1.61,4.33,7.2,-70,6.91323,6.90907,Large
238.0289,1.75,3.4,27.4,51,5.04379,4.98571,Large
63.546,1.45,4.48,6.7,119,2.15136,2.14472,Small
112.411,1.61,4.33,7.2,-70,1.83507,1.82939,Small
112.411,1.61,4.33,7.2,-70,1.87879,1.86144,Small
58.9332,1.52,4.3,7.5,64,1.62221,1.62221,Small
58.9332,1.52,4.3,7.5,64,1.66658,1.66658,Small
208.98037,1.43,4.69,7.4,91,1.55413,1.41108,Small
63.546,1.45,4.48,6.7,119,,,Small
65.39,1.42,4.45,6.4,-60,4.4038,4.37284,Large
58.6934,1.49,4.4,6.8,112,,,Small
58.6934,1.49,4.4,6.8,112,14.75748,14.74469,Large
65.39,1.42,4.45,6.4,-60,,,Small
65.39,1.42,4.45,6.4,-60,,,Small
173.04,2.22,3.1,21,-2,,,Small
158.92534,2.25,3.1,25.5,112,2.96316,2.96316,Small
144.24,2.06,3.1,31.4,185,1.77083,1.42475,Small
114.818,1.56,3.1,9.7,29,11.98103,11.98103,Large
63.546,1.45,4.48,6.7,119,,,Small
22.989768,1.9,2.85,23.6,53,,,Small
140.90765,2.47,3.1,28.2,93,,,Small
167.26,2.26,3.1,22.7,30,3.48724,3.31139,Small
167.26,2.26,3.1,22.7,30,2.49705,2.46607,Small
232.0381,1.8,3.2,32.1,113,7.5683,7.49219,Large
208.98037,1.43,4.69,7.4,91,0.90516,0.90248,Small
238.0289,1.75,3.4,27.4,51,8.45996,8.41252,Large
65.39,1.42,4.45,6.4,-60,3.2935,3.2935,Small
54.93805,1.61,3.72,9.4,-50,1.92535,1.91769,Small
63.546,1.45,4.48,6.7,119,,,Small
63.546,1.45,4.48,6.7,119,,,Small
40.078,1.94,2.2,22.8,2,2.58279,2.58279,Small
137.327,2.53,2.4,39.7,14,1.27319,1.26574,Small
137.327,2.53,2.4,39.7,14,3.81945,3.79603,Small
39.0983,2.43,2.42,43.4,48,1.60621,1.52698,Small
112.411,1.61,4.33,7.2,-70,5.06098,5.06066,Large
112.411,1.61,4.33,7.2,-70,7.30691,7.30208,Large
162.5,2.28,3.1,24.5,34,6.90989,6.87115,Large
65.39,1.42,4.45,6.4,-60,10.56721,10.5082,Large
58.9332,1.52,4.3,7.5,64,1.84945,1.84095,Small
58.9332,1.52,4.3,7.5,64,1.96264,1.95935,Small
58.6934,1.49,4.4,6.8,112,1.90182,1.68421,Small
58.6934,1.49,4.4,6.8,112,1.8786,1.8786,Small
91.224,2.06,3.64,17.9,41,7.05213,7.04885,Large
91.224,2.06,3.64,17.9,41,7.08906,7.08792,Large
63.546,1.45,4.48,6.7,119,1.67636,1.67636,Small
91.224,2.06,3.64,17.9,41,6.76549,6.7488,Large
91.224,2.06,3.64,17.9,41,6.80901,6.79978,Large
91.224,2.06,3.64,17.9,41,6.82559,6.82532,Large
91.224,2.06,3.64,17.9,41,6.83433,6.83001,Large
91.224,2.06,3.64,17.9,41,6.84762,6.84762,Large
91.224,2.06,3.64,17.9,41,,,Small
91.224,2.06,3.64,17.9,41,,,Small
158.92534,2.25,3.1,25.5,112,5.41271,5.40512,Large
63.546,1.45,4.48,6.7,119,4.20771,4.20771,Large
63.546,1.45,4.48,6.7,119,5.20728,5.20728,Large
112.411,1.61,4.33,7.2,-70,2.69326,2.69326,Small
63.546,1.45,4.48,6.7,119,,,Small
65.39,1.42,4.45,6.4,-60,,,Small
54.93805,1.61,3.72,9.4,-50,,,Small
22.989768,1.9,2.85,23.6,53,1.4201,1.09233,Small
22.989768,1.9,2.85,23.6,53,1.34982,1.34982,Small
63.546,1.45,4.48,6.7,119,,,Small
63.546,1.45,4.48,6.7,119,,,Small
58.9332,1.52,4.3,7.5,64,6.51335,6.51335,Large
164.93032,2.26,3.1,23.6,33,2.714,2.714,Small
167.26,2.26,3.1,22.7,30,2.77017,2.77017,Small
168.93421,2.22,3.1,21.8,99,2.80317,2.80317,Small
173.04,2.22,3.1,21,-2,2.95629,2.95629,Small
174.967,2.17,3.1,21.9,33,2.95946,2.95946,Small
140.115,1.85,3.1,29.6,635,,,Small
151.965,2.31,3.1,27.7,83,5.5583,5.5583,Large
158.92534,2.25,3.1,25.5,112,5.37255,5.37255,Large
162.5,2.28,3.1,24.5,34,5.35684,5.27711,Large
157.25,2.33,3.1,23.5,13,5.37591,5.37482,Large
112.411,1.61,4.33,7.2,-70,,,Small
54.93805,1.61,3.72,9.4,-50,5.51026,5.5097,Large
65.39,1.42,4.45,6.4,-60,2.81256,2.77986,Small
107.8682,1.65,4.44,7.9,126,,,Small
238.0289,1.75,3.4,27.4,51,1.50064,1.50064,Small
157.25,2.33,3.1,23.5,13,2.54068,2.54068,Small
58.9332,1.52,4.3,7.5,64,4.21267,4.21267,Small
58.9332,1.52,4.3,7.5,64,4.38344,4.38344,Large
140.90765,2.47,3.1,28.2,93,,,Small
63.546,1.45,4.48,6.7,119,26.72577,26.72577,Large
58.9332,1.52,4.3,7.5,64,2.54276,2.53044,Small
63.546,1.45,4.48,6.7,119,,,Small
63.546,1.45,4.48,6.7,119,,,Small
63.546,1.45,4.48,6.7,119,,,Small
63.546,1.45,4.48,6.7,119,,,Small
140.115,1.85,3.1,29.6,635,,,Small
140.90765,2.47,3.1,28.2,93,,,Small
207.2,1.54,3.9,6.8,34,1.43772,1.42059,Small
138.9055,1.95,3.1,31.1,45,5.79796,5.79761,Large
140.115,1.85,3.1,29.6,635,5.82185,5.82185,Large
65.39,1.42,4.45,6.4,-60,6.55468,6.54007,Large
58.9332,1.52,4.3,7.5,64,,,Small
54.93805,1.61,3.72,9.4,-50,4.93501,4.9302,Large
150.36,2.38,3.1,28.8,16,5.63881,5.63731,Large
158.92534,2.25,3.1,25.5,112,5.92046,5.90323,Large
158.92534,2.25,3.1,25.5,112,8.11197,8.1065,Large
162.5,2.28,3.1,24.5,34,8.82584,8.82584,Large
164.93032,2.26,3.1,23.6,33,8.33004,8.30636,Large
167.26,2.26,3.1,22.7,30,8.09188,8.09188,Large
63.546,1.45,4.48,6.7,119,7.46468,5.63102,Small
63.546,1.45,4.48,6.7,119,6.25638,6.25638,Small
63.546,1.45,4.48,6.7,119,7.09494,7.09494,Small
63.546,1.45,4.48,6.7,119,11.00022,10.96834,Large
65.39,1.42,4.45,6.4,-60,1.75141,1.7384,Small
63.546,1.45,4.48,6.7,119,7.19322,7.19322,Small
63.546,1.45,4.48,6.7,119,7.25807,6.8328,Small
63.546,1.45,4.48,6.7,119,7.03636,7.03636,Small
91.224,2.06,3.64,17.9,41,7.67934,7.67934,Large
91.224,2.06,3.64,17.9,41,7.59349,7.59349,Large
91.224,2.06,3.64,17.9,41,7.65165,7.65165,Large
91.224,2.06,3.64,17.9,41,5.89218,5.81706,Large
91.224,2.06,3.64,17.9,41,18.51108,18.50375,Large
91.224,2.06,3.64,17.9,41,12.98086,12.98086,Large
91.224,2.06,3.64,17.9,41,5.92037,5.7603,Large
91.224,2.06,3.64,17.9,41,7.57568,7.57568,Large
138.9055,1.95,3.1,31.1,45,2.03577,2.03577,Small
151.965,2.31,3.1,27.7,83,1.98059,1.80608,Small
54.93805,1.61,3.72,9.4,-50,1.73551,1.73373,Small
54.93805,1.61,3.72,9.4,-50,1.72519,1.71738,Small
107.8682,1.65,4.44,7.9,126,2.07299,2.01528,Small
158.92534,2.25,3.1,25.5,112,2.82325,2.8096,Small
158.92534,2.25,3.1,25.5,112,2.85372,2.85372,Small
54.93805,1.61,3.72,9.4,-50,6.78872,6.78872,Large
88.90585,2.12,3.19,22.7,30,,,Small
150.36,2.38,3.1,28.8,16,,,Small
158.92534,2.25,3.1,25.5,112,,,Small
157.25,2.33,3.1,23.5,13,,,Small
65.39,1.42,4.45,6.4,-60,7.55519,7.02373,Large
114.818,1.56,3.1,9.7,29,3.43433,3.43433,Large
58.9332,1.52,4.3,7.5,64,2.29562,2.29288,Small
58.9332,1.52,4.3,7.5,64,2.07361,2.07142,Small
65.39,1.42,4.45,6.4,-60,3.07987,2.8762,Small
112.411,1.61,4.33,7.2,-70,,,Small
112.411,1.61,4.33,7.2,-70,,,Small
164.93032,2.26,3.1,23.6,33,3.15979,3.15598,Small
39.0983,2.43,2.42,43.4,48,1.64899,1.51108,Small
85.4678,2.65,2.34,47.3,47,1.9193,1.71059,Small
65.39,1.42,4.45,6.4,-60,3.00504,2.99045,Small
54.93805,1.61,3.72,9.4,-50,1.81528,1.78326,Small
85.4678,2.65,2.34,47.3,47,1.38772,1.3728,Small
132.90543,2.98,2.18,59.6,46,1.89365,1.42989,Small
58.6934,1.49,4.4,6.8,112,1.63253,1.49843,Small
39.0983,2.43,2.42,43.4,48,1.9906,1.98376,Small
63.546,1.45,4.48,6.7,119,5.96594,5.94612,Large
65.39,1.42,4.45,6.4,-60,5.46444,5.0181,Small
138.9055,1.95,3.1,31.1,45,1.96869,1.9612,Small
65.39,1.42,4.45,6.4,-60,2.84686,2.84558,Small
58.9332,1.52,4.3,7.5,64,7.01096,6.97011,Large
58.9332,1.52,4.3,7.5,64,7.17275,7.12246,Large
58.9332,1.52,4.3,7.5,64,7.16908,7.16908,Large
65.39,1.42,4.45,6.4,-60,,,Small
173.04,2.22,3.1,21,-2,2.1278,2.12372,Small
63.546,1.45,4.48,6.7,119,,,Small
151.965,2.31,3.1,27.7,83,3.06129,2.2248,Small
65.39,1.42,4.45,6.4,-60,8.36121,8.30025,Large
22.989768,1.9,2.85,23.6,53,1.37634,1.36646,Small
132.90543,2.98,2.18,59.6,46,1.92877,1.84814,Small
112.411,1.61,4.33,7.2,-70,17.62804,17.62176,Large
207.2,1.54,3.9,6.8,34,17.72431,17.71569,Large
162.5,2.28,3.1,24.5,34,18.07234,18.07234,Large
87.62,2.19,2,27.6,5,1.86067,1.86067,Small
112.411,1.61,4.33,7.2,-70,,,Small
54.93805,1.61,3.72,9.4,-50,4.92609,4.92609,Large
112.411,1.61,4.33,7.2,-70,,,Small
207.2,1.54,3.9,6.8,34,4.78604,4.77507,Large
112.411,1.61,4.33,7.2,-70,7.00253,7.00253,Large
65.39,1.42,4.45,6.4,-60,6.42145,6.42145,Large
39.0983,2.43,2.42,43.4,48,1.66891,1.63375,Small
39.0983,2.43,2.42,43.4,48,3.29205,3.26432,Large
112.411,1.61,4.33,7.2,-70,17.4073,17.39068,Large
112.411,1.61,4.33,7.2,-70,17.54138,17.53992,Large
162.5,2.28,3.1,24.5,34,4.24489,4.24489,Large
151.965,2.31,3.1,27.7,83,4.27547,4.26782,Large
157.25,2.33,3.1,23.5,13,4.27768,4.26868,Large
158.92534,2.25,3.1,25.5,112,4.25992,4.25242,Large
63.546,1.45,4.48,6.7,119,2.43045,2.24267,Small
58.9332,1.52,4.3,7.5,64,2.08383,2.07775,Small
58.9332,1.52,4.3,7.5,64,2.02578,1.92523,Small
65.39,1.42,4.45,6.4,-60,4.81228,4.78711,Large
65.39,1.42,4.45,6.4,-60,4.70243,4.70243,Large
58.9332,1.52,4.3,7.5,64,10.48517,10.48517,Small
65.39,1.42,4.45,6.4,-60,10.82561,9.36373,Large
65.39,1.42,4.45,6.4,-60,9.64892,9.06088,Large
65.39,1.42,4.45,6.4,-60,10.86103,10.86103,Large
65.39,1.42,4.45,6.4,-60,10.83692,10.8108,Large
65.39,1.42,4.45,6.4,-60,10.84567,10.84567,Large
65.39,1.42,4.45,6.4,-60,10.84336,10.79906,Large
6.941,1.67,3.01,24.3,60,5.10209,5.09477,Large
91.224,2.06,3.64,17.9,41,,,Small
91.224,2.06,3.64,17.9,41,,,Small
63.546,1.45,4.48,6.7,119,9.76326,9.75377,Large
63.546,1.45,4.48,6.7,119,9.60108,9.5909,Large
63.546,1.45,4.48,6.7,119,9.7736,9.62684,Large
112.411,1.61,4.33,7.2,-70,,,Small
112.411,1.61,4.33,7.2,-70,,,Small
140.115,1.85,3.1,29.6,635,8.00884,8.00884,Large
140.115,1.85,3.1,29.6,635,9.45259,9.42916,Large
65.39,1.42,4.45,6.4,-60,2.45516,2.45043,Small
63.546,1.45,4.48,6.7,119,2.53798,2.50073,Small
58.9332,1.52,4.3,7.5,64,7.33956,7.33956,Large
138.9055,1.95,3.1,31.1,45,2.43864,2.42059,Small
58.9332,1.52,4.3,7.5,64,7.07746,7.07746,Large
26.981539,1.18,3.23,8.3,42,,,Small
144.24,2.06,3.1,31.4,185,5.4258,5.3289,Small
144.24,2.06,3.1,31.4,185,3.54297,3.53759,Small
140.90765,2.47,3.1,28.2,93,5.43202,5.43202,Small
54.93805,1.61,3.72,9.4,-50,2.90435,2.90435,Small
58.9332,1.52,4.3,7.5,64,2.78623,2.78623,Small
39.0983,2.43,2.42,43.4,48,1.53541,1.53541,Small
22.989768,1.9,2.85,23.6,53,,,Small
207.2,1.54,3.9,6.8,34,3.07596,3.07596,Small
200.59,1.71,4.91,5.4,-50,3.44204,3.44204,Small
140.115,1.85,3.1,29.6,635,2.94861,2.94861,Small
65.39,1.42,4.45,6.4,-60,4.81354,4.81354,Small
22.989768,1.9,2.85,23.6,53,,,Small
54.93805,1.61,3.72,9.4,-50,2.77108,2.77058,Small
140.90765,2.47,3.1,28.2,93,,,Small
